{
  "models": {
    "xgboost": {
      "precision": 0.5,
      "recall": 0.16216216216216217,
      "f1": 0.24489795918367346,
      "auc_roc": 0.6772522522522523,
      "avg_precision": 0.4771250165146917,
      "threshold": 0.7221759557723999
    },
    "random_forest": {
      "precision": 0.55,
      "recall": 0.2972972972972973,
      "f1": 0.38596491228070173,
      "auc_roc": 0.7173423423423423,
      "avg_precision": 0.4957202058205171,
      "threshold": 0.6617232351807345
    },
    "lightgbm": {
      "precision": 0.5625,
      "recall": 0.24324324324324326,
      "f1": 0.33962264150943394,
      "auc_roc": 0.6547297297297298,
      "avg_precision": 0.4391910781481173,
      "threshold": 0.7174151740183924
    }
  },
  "best": "lightgbm",
  "val_season": "2025-26"
}